Title,ProductWebsite,ImageLink,Product_id,BrandName,Category,ImageName,category_by_Gender,Description,DiscountPrice,OriginalPrice,DiscountOffer(percentage),SizeOption,Color,Fabric,Length,Pattern,Neck,Occasion,Print,Shape,SleeveLength,SleeveStyling
Orange Puff Sleeve Mini Wrap Dress With Buckle Belt,https://www.faballey.com//orange-puff-sleeve-wrap-dress-with-buckle-belt-83/prdt,https://img.faballey.com/images/Product/DRS06588Z/1.jpg,DRS06588,fabbley,dress,Orange Puff Sleeve Mini Wrap Dress With Buckle Belt,Female,Orange Puff Sleeve Mini Wrap Dress With Buckle Belt,800,2000,60,"XS, S, M, L, XL",orange,Cotton blend,Knee-length,Solid,V-neck,Casual,Solid,A-line,Short sleeves,Puff sleeves
Green Strappy Tiered Dress With Buckle Belt,"https://www.faballey.com//green-strappy-tie
  red-dress-with-buckle-belt-83/iprdt",https://img.faballey.com/images/Product/DRS06555Z/1.jpg,DRS06555,fabbley,dress,Green Strappy Tiered Dress With Buckle Belt,Female,Green Strappy Tiered Dress With Buckle Belt,1040,2600,60,"S, M, L, XL",green,Cotton Blend,Above Knee,Floral,Square Neck,Casual,Floral,Fit and Flare,Sleeveless,Sleeveless
Navy Blue Round Neck Sequin A-Line Dress,https://www.faballey.com//navy-blue-round-neck-sequin-a-line-dress-83/prdt,https://img.faballey.com/images/Product/DRS06303Z/1.jpg,DRS06303,fabbley,dress,Navy Blue Round Neck Sequin A-Line Dress,Female,Navy Blue Round Neck Sequin A-Line Dress,1360,3400,60,"XS, S, M, L",blue,Sequin,Above Knee,Solid,Boat Neck,Party,Solid,Bodycon,Short,Fitted
Red Ruched Puff Sleeve Bodycon Dress,https://www.faballey.com//red-ruched-puff-sleeve-bodycon-dress-83/iprdt,https://img.faballey.com/images/Product/DRS06612Z/1.jpg,DRS06612,fabbley,dress,Red Ruched Puff Sleeve Bodycon Dress,Female,Red Ruched Puff Sleeve Bodycon Dress,1040,2600,60,"XS, S, M",red,Polyester Blend,Above Knee,Solid,Off-Shoulder,Party,Solid,Bodycon,Short,Puff
White Floral Print Shift Dress With Buckle Belt,https://www.faballey.com//white-floral-print-shift-dress-with-buckle-belt-83/prdt,https://img.faballey.com/images/Product/DRS06170Z/1.jpg,DRS06170,fabbley,dress,White Floral Print Shift Dress With Buckle Belt,Female,White Floral Print Shift Dress With Buckle Belt,1120,2800,60,"XS, S, M, L, XL",white,Chiffon,Above Knee,Floral,Boat Neck,Casual,Floral,A-Line,Three-Quarter,Puff
Light Pink V-Neck Pleated Jumpsuit,https://www.faballey.com//light-pink-v-neck-pleated-jumpsuit-83/prdt,https://img.faballey.com/images/Product/JMP00021Z/1.jpg,JMP00021,fabbley,dress,Light Pink V-Neck Pleated Jumpsuit,Female,Light Pink V-Neck Pleated Jumpsuit,1120,2800,60,"XS, S, M, L, XL",pink,Polyester Blend,Full Length,Solid,V-Neck,Semi-Formal,Solid,Jumpsuit,Sleeveless,Sleeveless
Dark Blue Boat Neck Satin Shift Dress With Belt,https://www.faballey.com//dark-blue-boat-neck-satin-shift-dress-with-belt-83/prdt,https://img.faballey.com/images/Product/DRS06557Z/1.jpg,DRS06557,fabbley,dress,Dark Blue Boat Neck Satin Shift Dress With Belt,Female,Dark Blue Boat Neck Satin Shift Dress With Belt,1040,2600,60,"XS, S, M, L, XL",blue,Satin,Above Knee,Solid,Boat Neck,Casual,Solid,A-Line,Long,Balloon
Navy Blue Asymmetric Hem Midi Dress With Belt,https://www.faballey.com//navy-blue-asymmetric-hem-midi-dress-with-belt-83/prdt,https://img.faballey.com/images/Product/DRS06543Z/1.jpg,DRS06543,fabbley,dress,Navy Blue Asymmetric Hem Midi Dress With Belt,Female,Navy Blue Asymmetric Hem Midi Dress With Belt,1000,2500,60,"XS, S, M, L, XL",blue,Lace,Above Knee,Lace,Round Neck,Semi-Formal,Solid,A-Line,Short,Fitted
Pink Flared Sleeve Wrap Dress With Belt,https://www.faballey.com//pink-flared-sleeve-wrap-dress-with-belt-83/prdt,https://img.faballey.com/images/Product/DRS06187Z/1.jpg,DRS06187,fabbley,dress,Pink Flared Sleeve Wrap Dress With Belt,Female,Pink Flared Sleeve Wrap Dress With Belt,1040,2600,60,"XS, S, M, XL",pink,Polyester Blend,Knee-Length,Solid,V-Neck,Casual,Solid,Wrap Dress,Short,Flutter
Purple Asymmetric Hem Midi Dress With Belt,https://www.faballey.com//purple-asymmetric-hem-midi-dress-with-belt-83/prdt,https://img.faballey.com/images/Product/DRS06548Z/1.jpg,DRS06548,fabbley,dress,Purple Asymmetric Hem Midi Dress With Belt,Female,Purple Asymmetric Hem Midi Dress With Belt,1040,2600,60,"XS, S, M, L",purple,Lace,Knee-Length,Lace,Round Neck,Semi-Formal,Solid,A-Line,Short,Fitted
Green Floral Print High Neck Skater Dress,https://www.faballey.com//green-floral-print-high-neck-skater-dress-83/prdt,https://img.faballey.com/images/Product/DRS06171Z/1.jpg,DRS06171,fabbley,dress,Green Floral Print High Neck Skater Dress,Female,Green Floral Print High Neck Skater Dress,1000,2500,60,"XS, S, M, L, XL",green,Polyester Blend,Above Knee,Floral,High Neck,Casual,Floral,Fit and Flare,Three-Quarter,Puff
Hot Pink Neck Tie Up Tiered Maxi Dress,https://www.faballey.com//hot-pink-neck-tie-up-tiered-maxi-dress-83/prdt,https://img.faballey.com/images/Product/DRS06377Z/1.jpg,DRS06377,fabbley,dress,Hot Pink Neck Tie Up Tiered Maxi Dress,Female,Hot Pink Neck Tie Up Tiered Maxi Dress,1180,2950,60,"XS, S, M, L, XL",pink,Cotton Blend,Maxi,Solid,Keyhole Neck,Casual,Solid,A-Line,Three-Quarter,Regular
Green Short Sleeves Lace A-Line Dress,https://www.faballey.com//green-short-sleeves-lace-a-line-dress-83/prdt,https://img.faballey.com/images/Product/DRS06175Z/1.jpg,DRS06175,fabbley,dress,Green Short Sleeves Lace A-Line Dress,Female,Green Short Sleeves Lace A-Line Dress,1160,2900,60,"XS, S, M, L",green,Lace,Above Knee,Lace,High Neck,Semi-Formal,Solid,Fit and Flare,Three-Quarter,Fitted
Black Ruffled Neck Skater Dress,"https://www.faballey.com//skater-mini-dress-with-waist-elastication,-short-sleeves-and-ruffled-neck-83/prdt",https://img.faballey.com/images/Product/DRS06583Z/1.jpg,DRS06583,fabbley,dress,Black Ruffled Neck Skater Dress,Female,Black Ruffled Neck Skater Dress,720,1800,60,"XS, S, M, L, XL",black,Chiffon,Knee-Length,Solid,V-Neck,Casual,Solid,A-Line,Short,Puff
Black Front Tie Up Mini Dress,https://www.faballey.com//black-front-tie-up-mini-dress-83/prdt,https://img.faballey.com/images/Product/DRS06359Z/1.jpg,DRS06359,fabbley,dress,Black Front Tie Up Mini Dress,Female,Black Front Tie Up Mini Dress,960,2400,60,"XS, S, M, L, XL",black,Polyester Blend,Knee-Length,Solid,Round Neck,Casual,Solid,A-Line,Short,Fitted
Black Cowl Neck Sequin Bodycon Dress,https://www.faballey.com//black-cowl-neck-sleeveless-shift-mini-dress-83/prdt,https://img.faballey.com/images/Product/DRS06596Z/1.jpg,DRS06596,fabbley,dress,Black Cowl Neck Sequin Bodycon Dress,Female,Black Cowl Neck Sequin Bodycon Dress,1000,2500,60,"XS, S, M, L, XL",black,Sequin,Knee-Length,Solid,Boat Neck,Party,Solid,Bodycon,Sleeveless,Sleeveless
Pink Embellished Waist Maxi Dress,https://www.faballey.com//pink-embellished-waist-maxi-dress-83/iprdt,https://img.faballey.com/images/Product/DRS06603Z/1.jpg,DRS06603,fabbley,dress,Pink Embellished Waist Maxi Dress,Female,Pink Embellished Waist Maxi Dress,1400,3500,60,"XS, S, M, L, XL",pink,Satin,Maxi,Solid,Round Neck,Formal,Solid,Empire Waist,Short,Regular
Light Pink Floral Print High Neck Skater Dress,https://www.faballey.com//light-pink-floral-print-high-neck-skater-dress-83/iprdt,https://img.faballey.com/images/Product/DRS06172Z/1.jpg,DRS06172,fabbley,dress,Light Pink Floral Print High Neck Skater Dress,Female,Light Pink Floral Print High Neck Skater Dress,1040,2600,60,"XS, S, M, L, XL",pink,Cotton Blend,Above Knee,Floral,High Neck,Casual,Floral,Fit and Flare,Three-Quarter,Puff
Silver Metallic Side Twist Wrap Dress,https://www.faballey.com//silver-metallic-side-twist-wrap-dress-83/iprdt,https://img.faballey.com/images/Product/DRS06234Z/1.jpg,DRS06234,fabbley,dress,Silver Metallic Side Twist Wrap Dress,Female,Silver Metallic Side Twist Wrap Dress,1280,3200,60,"XS, S, M",silver,Polyester Blend,Knee-Length,Solid,V-Neck,Formal,Solid,Bodycon,Sleeveless,Sleeveless
White Sleeveless Shirt Dress With Buckle Belt,https://www.faballey.com//white-sleeveless-shirt-dress-with-buckle-belt-83/prdt,https://img.faballey.com/images/Product/DRS06546Z/1.jpg,DRS06546,fabbley,dress,White Sleeveless Shirt Dress With Buckle Belt,Female,White Sleeveless Shirt Dress With Buckle Belt,1000,2500,60,"XS, S, M, L, XL",white,Cotton Blend,Knee-Length,Solid,Shirt Collar,Casual,Solid,Shirt Dress,Sleeveless,Sleeveless
Hot Pink Satin Shift Dress With Belt,https://www.faballey.com//hot-pink-satin-shift-dress-with-belt-83/prdt,https://img.faballey.com/images/Product/DRS06350Z/1.jpg,DRS06350,fabbley,dress,Hot Pink Satin Shift Dress With Belt,Female,Hot Pink Satin Shift Dress With Belt,1040,2600,60,"XS, S, M, L, XL",pink,Polyester Blend,Above Knee,Solid,V-Neck,Casual,Solid,A-Line,Three-Quarter,Balloon
Teal Blue Floral Print Skater Dress With Tie Up Belt,https://www.faballey.com//teal-blue-floral-print-skater-dress-with-tie-up-belt-83/prdt,https://img.faballey.com/images/Product/DRS06342Z/1.jpg,DRS06342,fabbley,dress,Teal Blue Floral Print Skater Dress With Tie Up Belt,Female,Teal Blue Floral Print Skater Dress With Tie Up Belt,1120,2800,60,"XS, S, M, L, XL",blue,Polyester Blend,Below Knee,Floral,High Neck,Casual,Floral,Fit and Flare,Short,Flutter
Yellow Floral Print Smocked Cuff Tiered Skater Dress,https://www.faballey.com//offwhite-floral-smocked-cuff-tiered-mini-dress-83/prdt,https://img.faballey.com/images/Product/DRS06592Z/1.jpg,DRS06592,fabbley,dress,Yellow Floral Print Smocked Cuff Tiered Skater Dress,Female,Yellow Floral Print Smocked Cuff Tiered Skater Dress,1080,2700,60,"XS, S, M, L, XL",yellow,Polyester Blend,Above Knee,Floral,Round Neck,Casual,Floral,A-Line,Three-Quarter,Puff
Pink Puff Sleeve Embellished Mini Dress,https://www.faballey.com//pink-puff-sleeve-embellished-mini-dress-83/prdt,https://img.faballey.com/images/Product/DRS06222Z/1.jpg,DRS06222,fabbley,dress,Pink Puff Sleeve Embellished Mini Dress,Female,Pink Puff Sleeve Embellished Mini Dress,1060,2650,60,"XS, S, M, L, XL",pink,Polyester Blend,Above Knee,Solid,High Neck,Casual,Solid,Shift,Long,Balloon
Orange Floral Print Neck Tie Up Skater Dress,https://www.faballey.com//orange-floral-print-neck-tie-up-skater-dress-83/iprdt,https://img.faballey.com/images/Product/DRS06167Z/1.jpg,DRS06167,fabbley,dress,Orange Floral Print Neck Tie Up Skater Dress,Female,Orange Floral Print Neck Tie Up Skater Dress,1040,2600,60,"XS, S, M, L, XL",orange,Cotton Blend,Above Knee,Floral,High Neck,Casual,Floral,A-Line,Short,Puff
Purple High Neck Dress With Belt,https://www.faballey.com//purple-high-neck-dress-with-belt-83/iprdt,https://img.faballey.com/images/Product/DRS06607Z/1.jpg,DRS06607,fabbley,dress,Purple High Neck Dress With Belt,Female,Purple High Neck Dress With Belt,1040,2600,60,"XS, S, M, L, XL",purple,Polyester Blend,Above Knee,Solid,High Neck,Casual,Solid,A-Line,Three-Quarter,Puff
Black Embellished Strappy Jumpsuit,https://www.faballey.com//black-embellished-strappy-jumpsuit-83/iprdt,https://img.faballey.com/images/Product/JMP00070Z/1.jpg,JMP00070,fabbley,dress,Black Embellished Strappy Jumpsuit,Female,Black Embellished Strappy Jumpsuit,1400,3500,60,"XS, S, M, L, XL",black,Polyester Blend,Full Length,Solid,Spaghetti Strap,Formal,Solid,Jumpsuit,Sleeveless,Sleeveless
Orange Smocked Cuff Tiered Mini Dress,https://www.faballey.com//orange-beige-print-tiered-smocked-cuff-dress-83/prdt,https://img.faballey.com/images/Product/DRS06589Z/1.jpg,DRS06589,fabbley,dress,Orange Smocked Cuff Tiered Mini Dress,Female,Orange Smocked Cuff Tiered Mini Dress,960,2400,60,"XS, S, M, L, XL",orange,Cotton Blend,Above Knee,Floral,Round Neck,Casual,Floral,A-Line,Short,Puff
Maroon Embellished Waist Maxi Dress,https://www.faballey.com//maroon-embellished-waist-maxi-dress-83/prdt,https://img.faballey.com/images/Product/DRS06237Z/1.jpg,DRS06237,fabbley,dress,Maroon Embellished Waist Maxi Dress,Female,Maroon Embellished Waist Maxi Dress,1360,3400,60,"XS, S, M, L",maroon,Polyester Blend,Maxi,Solid,V-Neck,Formal,Solid,A-Line,Short,Flutter
Lilac Textured A-Line Dress With Tie Up Belt,https://www.faballey.com//lilac-textured-a-line-dress-with-tie-up-belt-83/prdt,https://img.faballey.com/images/Product/DRS06301Z/1.jpg,DRS06301,fabbley,dress,Lilac Textured A-Line Dress With Tie Up Belt,Female,Lilac Textured A-Line Dress With Tie Up Belt,1000,2500,60,"XS, S, M, L, XL",purple,Polyester Blend,Above Knee,Solid,V-Neck,Casual,Solid,A-Line,Long,Balloon
Brown Metallic Wrap Maxi Dress With Embellished Belt,https://www.faballey.com//brown-metallic-wrap-maxi-dress-with-embellished-belt-83/iprdt,https://img.faballey.com/images/Product/DRS06402Z/1.jpg,DRS06402,fabbley,dress,Brown Metallic Wrap Maxi Dress With Embellished Belt,Female,Brown Metallic Wrap Maxi Dress With Embellished Belt,1680,4200,60,"XS, S, L",brown,Metallic,Maxi,Solid,V-Neck,Formal,Solid,A-Line,Sleeveless,Sleeveless
Black Side Ruched Wrap Dress,https://www.faballey.com//black-side-ruched-wrap-dress-83/prdt,https://img.faballey.com/images/Product/DRS06360Z/1.jpg,DRS06360,fabbley,dress,Black Side Ruched Wrap Dress,Female,Black Side Ruched Wrap Dress,1040,2600,60,"XS, S, M, L, XL",black,Chiffon Blend,Above Knee,Polka Dot,V-Neck,Casual,Polka Dot,Wrap Dress,Long,Fitted
White Floral Print Shift Dress With Tie Up Belt,https://www.faballey.com//white-floral-print-shift-dress-with-tie-up-belt-83/prdt,https://img.faballey.com/images/Product/DRS06335Z/1.jpg,DRS06335,fabbley,dress,White Floral Print Shift Dress With Tie Up Belt,Female,White Floral Print Shift Dress With Tie Up Belt,980,2450,60,"XS, S, M, L, XL",white,Polyester Blend,Above Knee,Floral,Round Neck,Casual,Floral,Wrap Dress,Long,Fitted
Blush Embellished Criss Cross Back Jumpsuit,https://www.faballey.com//blush-embellished-criss-cross-back-jumpsuit-83/prdt,https://img.faballey.com/images/Product/DRS05692Z/1.jpg,DRS05692,fabbley,dress,Blush Embellished Criss Cross Back Jumpsuit,Female,Blush Embellished Criss Cross Back Jumpsuit,1040,2600,60,"XS, S, M, L",pink,Polyester Blend,Full Length,Solid,Spaghetti Strap,Formal,Solid,Jumpsuit,Sleeveless,Sleeveless
Blue Sleeveless Tiered Maxi Dress,https://www.faballey.com//blue-sleeveless-tiered-maxi-dress-83/prdt,https://img.faballey.com/images/Product/DRS06559Z/1.jpg,DRS06559,fabbley,dress,Blue Sleeveless Tiered Maxi Dress,Female,Blue Sleeveless Tiered Maxi Dress,1060,2650,60,"XS, S, M, L, XL",blue,Chiffon,Maxi,Solid,V-Neck,Casual,Solid,A-Line,Sleeveless,Sleeveless
Maroon Animal Print Shift Dress,https://www.faballey.com//maroon-animal-print-shift-dress-83/prdt,https://img.faballey.com/images/Product/DRS06349Z/1.jpg,DRS06349,fabbley,dress,Maroon Animal Print Shift Dress,Female,Maroon Animal Print Shift Dress,960,2400,60,"XS, S, M, L, XL",maroon,Chiffon,Above Knee,Animal Print,V-Neck,Casual,Animal Print,A-Line,Long,Balloon
Purple Off Shoulder Tiered Midi Dress,https://www.faballey.com//purple-smocked-tiered-midi-dress-83/prdt,https://img.faballey.com/images/Product/DRS06586Z/1.jpg,DRS06586,fabbley,dress,Purple Off Shoulder Tiered Midi Dress,Female,Purple Off Shoulder Tiered Midi Dress,1040,2600,60,"XS, S, M, L, XL",purple,Cotton Blend,Midi,Solid,Square Neck,Casual,Solid,A-Line,Long,Balloon
Green Puff Sleeve Embellished Mini Dress,https://www.faballey.com//green-puff-sleeve-embellished-mini-dress-83/prdt,https://img.faballey.com/images/Product/DRS06223Z/1.jpg,DRS06223,fabbley,dress,Green Puff Sleeve Embellished Mini Dress,Female,Green Puff Sleeve Embellished Mini Dress,1060,2650,60,"XS, S, M, L, XL",green,Satin,Above Knee,Solid,High Neck,Formal,Solid,Shift,Long,Balloon
Black Ruched Bodycon Mini Dress,https://www.faballey.com//black-ruched-bodycon-mini-dress-83/prdt,https://img.faballey.com/images/Product/DRS06294Z/1.jpg,DRS06294,fabbley,dress,Black Ruched Bodycon Mini Dress,Female,Black Ruched Bodycon Mini Dress,1160,2900,60,"XS, S, M, L",black,Velvet,Above Knee,Solid,V-Neck,Party,Solid,Wrap Dress,Long,Fitted
Maroon Smocked Waist Full Sleeve Midi Dress,https://www.faballey.com//maroon-smocked-waist-full-sleeve-midi-dress-83/prdt,https://img.faballey.com/images/Product/DRS06185Z/1.jpg,DRS06185,fabbley,dress,Maroon Smocked Waist Full Sleeve Midi Dress,Female,Maroon Smocked Waist Full Sleeve Midi Dress,1120,2800,60,"XS, S, M, L, XL",maroon,Metallic,Maxi,Solid,V-Neck,Formal,Solid,A-Line,Sleeveless,Sleeveless
Green Embellished Neck Flared Sleeve Jumpsuit With Belt,https://www.faballey.com//green-embellished-neck-flared-sleeve-jumpsuit-with-belt-83/prdt,https://img.faballey.com/images/Product/JMP00019Z/1.jpg,JMP00019,fabbley,dress,Green Embellished Neck Flared Sleeve Jumpsuit With Belt,Female,Green Embellished Neck Flared Sleeve Jumpsuit With Belt,1060,2650,60,"XS, S, M, L, XL",green,Chiffon Blend,Above Knee,Polka Dot,V-Neck,Casual,Polka Dot,Wrap Dress,Long,Fitted
Beige Textured A-Line Dress With Tie Up Belt,https://www.faballey.com//beige-textured-a-line-dress-with-tie-up-belt-83/prdt,https://img.faballey.com/images/Product/DRS06299Z/1.jpg,DRS06299,fabbley,dress,Beige Textured A-Line Dress With Tie Up Belt,Female,Beige Textured A-Line Dress With Tie Up Belt,1000,2500,60,"XS, S, M, L, XL",beige,Polyester Blend,Above Knee,Floral,Round Neck,Casual,Floral,Wrap Dress,Long,Fitted
Peach V-Neck Maxi Dress With Embellished Belt,https://www.faballey.com//peach-v-neck-maxi-dress-with-embellished-belt-83/prdt,https://img.faballey.com/images/Product/DRS06550Z/1.jpg,DRS06550,fabbley,dress,Peach V-Neck Maxi Dress With Embellished Belt,Female,Peach V-Neck Maxi Dress With Embellished Belt,1120,2800,60,"XS, S, M, L, XL",-1,Polyester Blend,Full Length,Solid,Spaghetti Strap,Formal,Solid,Jumpsuit,Sleeveless,Sleeveless
Green V-Neck Jumpsuit With Tie Up Belt,https://www.faballey.com//light-green-jumpsuit-with-belt-83/prdt,https://img.faballey.com/images/Product/DRS06587Z/1.jpg,DRS06587,fabbley,dress,Green V-Neck Jumpsuit With Tie Up Belt,Female,Green V-Neck Jumpsuit With Tie Up Belt,960,2400,60,"XS, S, M, L, XL",green,Chiffon,Maxi,Solid,V-Neck,Casual,Solid,A-Line,Sleeveless,Sleeveless
Grey And Black Sweater Dress,https://www.faballey.com//grey-and-black-sweater-dress-83/prdt,https://img.faballey.com/images/Product/DRS06788Z/1.jpg,DRS06788,fabbley,dress,Grey And Black Sweater Dress,Female,Grey And Black Sweater Dress,1560,3900,60,"S, M, L, XL",grey,Chiffon,Above Knee,Animal Print,V-Neck,Casual,Animal Print,A-Line,Long,Balloon
Green Embroidered Sleeve Satin Dress,https://www.faballey.com//green-embroidered-sleeve-satin-dress-83/prdt,https://img.faballey.com/images/Product/DRS06177Z/1.jpg,DRS06177,fabbley,dress,Green Embroidered Sleeve Satin Dress,Female,Green Embroidered Sleeve Satin Dress,1140,2850,60,"XS, S, L, XL",green,Cotton Blend,Midi,Solid,Square Neck,Casual,Solid,A-Line,Long,Balloon
Pink Ruched Puff Sleeve Bodycon Dress,https://www.faballey.com//pink-ruched-puff-sleeve-bodycon-dress-83/iprdt,https://img.faballey.com/images/Product/DRS06611Z/1.jpg,DRS06611,fabbley,dress,Pink Ruched Puff Sleeve Bodycon Dress,Female,Pink Ruched Puff Sleeve Bodycon Dress,1040,2600,60,"XS, S, M, L, XL",pink,Satin,Above Knee,Solid,High Neck,Formal,Solid,Shift,Long,Balloon
Pink Full Sleeve Shift Dress With Belt,https://www.faballey.com//pink-full-sleeve-shift-dress-with-belt-83/iprdt,https://img.faballey.com/images/Product/DRS06334Z/1.jpg,DRS06334,fabbley,dress,Pink Full Sleeve Shift Dress With Belt,Female,Pink Full Sleeve Shift Dress With Belt,960,2400,60,"XS, S, M, L, XL",pink,Velvet,Above Knee,Solid,V-Neck,Party,Solid,Wrap Dress,Long,Fitted
Lilac Plisse Ruffled Mini Dress,https://www.faballey.com//lilac-pliss√©-ruffled-mini-dress-83/prdt,https://img.faballey.com/images/Product/DRS06276Z/1.jpg,DRS06276,fabbley,dress,Lilac Plisse Ruffled Mini Dress,Female,Lilac Plisse Ruffled Mini Dress,1120,2800,60,"XS, S, M, L, XL",purple,Polyester Blend,Above Knee,Solid,Round Neck,Casual,Solid,A-Line,Long,Balloon
Pink Sweetheart Neck Mini Lace Dress,https://www.faballey.com//pink-sweetheart-neck-mini-lace-dress-83/iprdt,https://img.faballey.com/images/Product/DRS06551Z/1.jpg,DRS06551,fabbley,dress,Pink Sweetheart Neck Mini Lace Dress,Female,Pink Sweetheart Neck Mini Lace Dress,1080,2700,60,"XS, S, M, L, XL",pink,Lace,Above Knee,Lace,Round Neck,Casual,Solid,A-Line,Short,Puff
Maroon V-Neck Shimmer Bodycon Dress,https://www.faballey.com//pink-v-neck-shimmer-bodycon-dress-83/prdt,https://img.faballey.com/images/Product/DRS06307Z/1.jpg,DRS06307,fabbley,dress,Maroon V-Neck Shimmer Bodycon Dress,Female,Maroon V-Neck Shimmer Bodycon Dress,1040,2600,60,"XS, S, M, L",maroon,Polyester Blend,Above Knee,Solid,V-Neck,Casual,Solid,Shift,Three-Quarter,Regular
Purple Floral Print Mini Wrap Dress,https://www.faballey.com//purple-floral-print-mini-wrap-dress-83/prdt,https://img.faballey.com/images/Product/DRS06554Z/1.jpg,DRS06554,fabbley,dress,Purple Floral Print Mini Wrap Dress,Female,Purple Floral Print Mini Wrap Dress,880,2200,60,"XS, M, L, XL",purple,Chiffon,Above Knee,Floral,V-Neck,Casual,Floral,Shift,Short,Regular
Pink Floral Print Tiered Maxi Dress,https://www.faballey.com//pink-floral-print-tiered-maxi-dress-83/prdt,https://img.faballey.com/images/Product/DRS06191Z/1.jpg,DRS06191,fabbley,dress,Pink Floral Print Tiered Maxi Dress,Female,Pink Floral Print Tiered Maxi Dress,1280,3200,60,"XS, S, M",pink&trending,Chiffon,Maxi,Floral,High Neck,Casual,Floral,A-Line,Long,Balloon
Lilac Flared Lace Dress,https://www.faballey.com//lilac-flared-lace-dress-83/prdt,https://img.faballey.com/images/Product/DRS06344Z/1.jpg,DRS06344,fabbley,dress,Lilac Flared Lace Dress,Female,Lilac Flared Lace Dress,1040,2600,60,"XS, S, M, L",purple,Lace,Above Knee,Lace,Round Neck,Casual,Solid,A-Line,Short,Puff
Blue Collared Tiered Maxi Dress,https://www.faballey.com//blue-collared-tiered-maxi-dress-83/prdt,https://img.faballey.com/images/Product/DRS06192Z/1.jpg,DRS06192,fabbley,dress,Blue Collared Tiered Maxi Dress,Female,Blue Collared Tiered Maxi Dress,1280,3200,60,"XS, S, M",blue&trending,Chiffon,Maxi,Solid,High Neck,Casual,Solid,A-Line,Long,Balloon
Lilac V-Neck Pleated Maxi Dress With Belt,https://www.faballey.com//lavender-pleated-maxi-dress-with-self-fabric-belt-83/prdt,https://img.faballey.com/images/Product/DRS06594Z/1.jpg,DRS06594,fabbley,dress,Lilac V-Neck Pleated Maxi Dress With Belt,Female,Lilac V-Neck Pleated Maxi Dress With Belt,1000,2500,60,"XS, S, M, L, XL",purple,Chiffon,Maxi,Solid,V-Neck,Casual,Solid,A-Line,Short,Puff
Pastel Green Embellished Waist Maxi Dress,https://www.faballey.com//pastel-green-embellished-waist-maxi-dress-83/prdt,https://img.faballey.com/images/Product/DRS06238Z/1.jpg,DRS06238,fabbley,dress,Pastel Green Embellished Waist Maxi Dress,Female,Pastel Green Embellished Waist Maxi Dress,1360,3400,60,"XS, S, M, L, XL",green,Chiffon,Maxi,Solid,V-Neck,Casual,Solid,A-Line,Short,Flutter
Black Embellished Neck Sleeveless Dress,https://www.faballey.com//black-embellished-neck-sleeveless-dress-83/prdt,https://img.faballey.com/images/Product/DRS06242Z/1.jpg,DRS06242,fabbley,dress,Black Embellished Neck Sleeveless Dress,Female,Black Embellished Neck Sleeveless Dress,1160,2900,60,"XS, S, M, L, XL",black,Lace,Knee-Length,Lace,Round Neck,Formal,Solid,Sheath,Sleeveless,Sleeveless
Pink Floral Print Neck Tie Up Skater Dress,https://www.faballey.com//pink-floral-print-neck-tie-up-skater-dress-83/prdt,https://img.faballey.com/images/Product/DRS06186Z/1.jpg,DRS06186,fabbley,dress,Pink Floral Print Neck Tie Up Skater Dress,Female,Pink Floral Print Neck Tie Up Skater Dress,980,2450,60,"XS, S, M, L",pink,Polyester Blend,Knee-Length,Floral,High Neck,Casual,Floral,A-Line,Long,Balloon
Teal Blue Ombre Pleated Dress With Belt,https://www.faballey.com//teal-blue-ombre-pleated-dress-with-belt-83/prdt,https://img.faballey.com/images/Product/DRS06552Z/1.jpg,DRS06552,fabbley,dress,Teal Blue Ombre Pleated Dress With Belt,Female,Teal Blue Ombre Pleated Dress With Belt,1120,2800,60,"XS, S, M, L, XL",green,Polyester Blend,Above Knee,Ombre,Boat Neck,Casual,Ombre,A-Line,Three-Quarter,Balloon
Gold Embellished Waist Maxi Dress,https://www.faballey.com//gold-embellished-waist-maxi-dress-83/iprdt,https://img.faballey.com/images/Product/DRS06602Z/1.jpg,DRS06602,fabbley,dress,Gold Embellished Waist Maxi Dress,Female,Gold Embellished Waist Maxi Dress,1400,3500,60,"XS, S, M, L, XL",gold,Satin,Maxi,Solid,Round Neck,Formal,Solid,Empire Waist,Short,Regular
Peach And White Floral Print Dress,https://www.faballey.com//peach-and-white-floral-print-linen-dress-83/prdt,https://img.faballey.com/images/Product/DRS06001Z/1.jpg,DRS06001,fabbley,dress,Peach And White Floral Print Dress,Female,Peach And White Floral Print Dress,1040,2600,60,"XS, S, M, L, XL",-1,Cotton Blend,Above Knee,Floral,V-Neck,Casual,Floral,A-Line,Short,Puff
White Floral Print Cotton Dress With Fabric Belt,https://www.faballey.com//white-floral-print-cotton-dress-with-fabric-belt-83/prdt,https://img.faballey.com/images/Product/DRS05794Z/1.jpg,DRS05794,fabbley,dress,White Floral Print Cotton Dress With Fabric Belt,Female,White Floral Print Cotton Dress With Fabric Belt,1040,2600,60,"XS, S, M, L, XL",white&trending,Chiffon,Above Knee,Floral,V-Neck,Casual,Floral,A-Line,Short,Puff
Navy Blue Schiffli Tiered Dress,https://www.faballey.com//navy-blue-schiffli-tiered-dress-83/prdt,https://img.faballey.com/images/Product/DRS05748Z/1.jpg,DRS05748,fabbley,dress,Navy Blue Schiffli Tiered Dress,Female,Navy Blue Schiffli Tiered Dress,1680,4200,60,"XS, S, M, L, XL",blue,Cotton Blend,Above Knee,Solid,Square Neck,Casual,Solid,A-Line,Short,Puff
Blue And White Floral Print Jumpsuit With Belt,https://www.faballey.com//blue-and-white-floral-print-linen-jumpsuit-83/prdt,https://img.faballey.com/images/Product/DRS06004Z/1.jpg,DRS06004,fabbley,dress,Blue And White Floral Print Jumpsuit With Belt,Female,Blue And White Floral Print Jumpsuit With Belt,1200,3000,60,"S, L, XL",blue,Cotton Blend,Full Length,Floral,V-Neck,Casual,Floral,Jumpsuit,Sleeveless,Sleeveless
Dark Blue Wrap Midi Dress With Belt,https://www.faballey.com//dark-blue-wrap-midi-dress-with-belt-83/prdt,https://img.faballey.com/images/Product/DRS06446Z/1.jpg,DRS06446,fabbley,dress,Dark Blue Wrap Midi Dress With Belt,Female,Dark Blue Wrap Midi Dress With Belt,1120,2800,60,"XS, S, M, L, XL",blue,Polyester Blend,Above Knee,Solid,V-Neck,Casual,Solid,Wrap Dress,Short,Puff
Gold Puff Sleeve Sheath Dress,https://www.faballey.com//gold-puff-sleeve-sheath-dress-83/prdt,https://img.faballey.com/images/Product/STD00012Z/1.jpg,STD 12,fabbley,dress,Gold Puff Sleeve Sheath Dress,Female,Gold Puff Sleeve Sheath Dress,1120,2800,60,"XS, M, L",gold&new,Metallic,Above Knee,Solid,Boat Neck,Party,Solid,Sheath,Short,Puff
White Double-Breasted Blazer Dress With Belt,https://www.faballey.com//white-double-breasted-blazer-dress-with-belt-83/prdt,https://img.faballey.com/images/Product/DRS06141Z/1.jpg,DRS06141,fabbley,dress,White Double-Breasted Blazer Dress With Belt,Female,White Double-Breasted Blazer Dress With Belt,1280,3200,60,"XS, S, M, L, XL",white,Cotton Blend,Knee-Length,Solid,V-Neck,Casual,Solid,Wrap Dress,Sleeveless,Sleeveless
Black Printed Halter Neck Maxi Dress,https://www.faballey.com//black-printed-halter-neck-maxi-dress-83/prdt,https://img.faballey.com/images/Product/STD00005Z/1.jpg,STD 5,fabbley,dress,Black Printed Halter Neck Maxi Dress,Female,Black Printed Halter Neck Maxi Dress,1440,3600,60,"S, M, L, XL",black,Chiffon ,Maxi,Paisley,Spaghetti Strap,Casual,Paisley,Empire Waist,Sleeveless,Sleeveless
Black Floral Print Skater Dress With Belt,https://www.faballey.com//black-floral-print-skater-dress-with-belt-83/prdt,https://img.faballey.com/images/Product/DRS06159Z/1.jpg,DRS06159,fabbley,dress,Black Floral Print Skater Dress With Belt,Female,Black Floral Print Skater Dress With Belt,960,2400,60,"XS, S, M, L",black,Chiffon ,Knee-Length,Floral,Round Neck,Casual,Floral,A-Line,Short,Puff
White Striped Tiered Dress,https://www.faballey.com//white-striped-tiered-dress-83/prdt,https://img.faballey.com/images/Product/DRS06210Z/1.jpg,DRS06210,fabbley,dress,White Striped Tiered Dress,Female,White Striped Tiered Dress,880,2200,60,"XS, S, M, L, XL",multi,Polyester,Blend,Above Knee,Striped,Boat Neck,Casual,Striped,A-Line,Three-Quarter
White Sleeveless A-Line Dress,https://www.faballey.com//white-sleeveless-a-line-dress-183/prdt,https://img.faballey.com/images/Product/DRS06459Z/1.jpg,DRS06459,fabbley,dress,White Sleeveless A-Line Dress,Female,White Sleeveless A-Line Dress,1040,2600,60,"XS, S, M, L, XL",white,Polyester,Blend,Above Knee,Solid,Round Neck,Casual,,Fit and Flare,Sleeveless
