"ObjectID","ProductName","Description","Company","ImageLink"
"1","Raglan T-shirt","Nice and warm T-shirt to wear in winter","H&M","https://assets.myntassets.com/w_412,q_60,dpr_2,fl_progressive/assets/images/24426560/2023/8/9/3622b3e9-b84b-4da3-9c0b-f2f4bf5928e51691604381704ManiacMenBeigeColourblockedDrop-ShoulderSleevesPocketsT-shir1.jpg"
"2","Smurf Gun","To have a nice fun time with friends cool","Funskool.","https://images-cdn.ubuy.co.in/635392fbfd0a065e511b99b8-electric-automatic-toy-guns-for-nerf.jpg"
"3","Track Pants","Pants made for tracking and stuff","H&M","https://lp2.hm.com/hmgoepprod?set=quality%5B79%5D%2Csource%5B%2Fc2%2F84%2Fc28478391c5b7218db2d0f3c38494fd7023f05f0.jpg%5D%2Corigin%5Bdam%5D%2Ccategory%5B%5D%2Ctype%5BLOOKBOOK%5D%2Cres%5Bm%5D%2Chmver%5B1%5D&call=url[file:/product/main]"
"4","Sova Cosplay Costume","This is a valorant cosplay costume which will make you look like sova from valorant if you are a cute cat","Van Heusen","https://preview.redd.it/5u51uiv1vvb61.jpg?width=1681&format=pjpg&auto=webp&s=1a0cfd2c2f34b6dc06d927d008d3f24f4fb700c7"
"5","Track Pants","Pants made for tracking and stuff","H&M","https://lp2.hm.com/hmgoepprod?set=quality%5B79%5D%2Csource%5B%2Fc2%2F84%2Fc28478391c5b7218db2d0f3c38494fd7023f05f0.jpg%5D%2Corigin%5Bdam%5D%2Ccategory%5B%5D%2Ctype%5BLOOKBOOK%5D%2Cres%5Bm%5D%2Chmver%5B1%5D&call=url[file:/product/main]"
"6","Sova Cosplay Costume","This is a valorant cosplay costume which will make you look like sova from valorant if you are a cute cat","Van Heusen","https://preview.redd.it/5u51uiv1vvb61.jpg?width=1681&format=pjpg&auto=webp&s=1a0cfd2c2f34b6dc06d927d008d3f24f4fb700c7"
"7","Raglan T-shirt","Nice and warm T-shirt to wear in winter","H&M","https://assets.myntassets.com/w_412,q_60,dpr_2,fl_progressive/assets/images/24426560/2023/8/9/3622b3e9-b84b-4da3-9c0b-f2f4bf5928e51691604381704ManiacMenBeigeColourblockedDrop-ShoulderSleevesPocketsT-shir1.jpg"
"8","Smurf Gun","To have a nice fun time with friends cool","Funskool","https://images-cdn.ubuy.co.in/635392fbfd0a065e511b99b8-electric-automatic-toy-guns-for-nerf.jpg"
"9","Track Pants","Pants made for tracking and stuff","H&M","https://lp2.hm.com/hmgoepprod?set=quality%5B79%5D%2Csource%5B%2Fc2%2F84%2Fc28478391c5b7218db2d0f3c38494fd7023f05f0.jpg%5D%2Corigin%5Bdam%5D%2Ccategory%5B%5D%2Ctype%5BLOOKBOOK%5D%2Cres%5Bm%5D%2Chmver%5B1%5D&call=url[file:/product/main]"
"10","Sova Cosplay Costume","This is a valorant cosplay costume which will make you look like sova from valorant if you are a cute cat","Van Heusen","https://preview.redd.it/5u51uiv1vvb61.jpg?width=1681&format=pjpg&auto=webp&s=1a0cfd2c2f34b6dc06d927d008d3f24f4fb700c7"
"11","Track Pants","Pants made for tracking and stuff","H&M","https://lp2.hm.com/hmgoepprod?set=quality%5B79%5D%2Csource%5B%2Fc2%2F84%2Fc28478391c5b7218db2d0f3c38494fd7023f05f0.jpg%5D%2Corigin%5Bdam%5D%2Ccategory%5B%5D%2Ctype%5BLOOKBOOK%5D%2Cres%5Bm%5D%2Chmver%5B1%5D&call=url[file:/product/main]"
"12","Sova Cosplay Costume","This is a valorant cosplay costume which will make you look like sova from valorant if you are a cute cat","Van Heusen","https://preview.redd.it/5u51uiv1vvb61.jpg?width=1681&format=pjpg&auto=webp&s=1a0cfd2c2f34b6dc06d927d008d3f24f4fb700c7"
